sku,kind,pieces
A35,carton,100
ATR1/2X48HDG,carton,1
BA1.62XH=22.75,carton,1
BA2.56/9.5X45,carton,1
BA7.12/16,carton,1
DTT2Z,carton,20
H10A,carton,50
H1A,carton,100
H1AZ,carton,100
H2.5A,carton,100
H2AZ,carton,100
HB7.12/11.88,carton,8
HDU4-SDS2.5,carton,15
HGUS210-2,carton,12
HGUS210-3,carton,12
HGUS212-4,carton,12
HGUS26-2,carton,12
HGUS26-3,carton,12
HGUS28,carton,12
HGUS28-2,carton,12
HGUS28-3,carton,12
HGUS28-4,carton,12
HGUS28x,carton,1
HGUS3.63-SDS,carton,1
HGUS412,carton,12
HGUS48,carton,12
HGUS5.25/12,carton,12
HGUS5.5/14,carton,1
HGUS7.25/12,carton,12
HSUR26-2,carton,25
HTS30,carton,50
HTT5,carton,10
HU410,carton,25
HU9,carton,25
HUC410,carton,25
HUC412,carton,25
HUS26,carton,50
HUS26-2,carton,50
HUS28,carton,25
HUS410,carton,25
HUS412,carton,25
HUS48,carton,25
ITS1.56/11.88,carton,25
ITS1.81/11.88,carton,25
ITS1.81/14,carton,25
ITS2.06/11.88,carton,25
ITS2.06/14,carton,25
ITS2.06/16,carton,25
ITS2.37/11.88,carton,25
ITS2.56/11.88,carton,25
ITS2.56/14,carton,25
ITS2.56/16,carton,25
ITS2.56/9.5,carton,25
ITS3.56/11.88,carton,25
ITS3.56/14,carton,25
ITS3.56/16,carton,25
IUS1.81/11.88,carton,25
IUS2.37/16,carton,25
IUS2.56/11.88,carton,25
IUS2.56/14,carton,25
IUS2.56/16,carton,25
IUS2.56/9.5,carton,25
IUS3.56/11.88,carton,25
IUS3.56/14,carton,25
IUS3.56/16,carton,25
IUS3.56/9.5,carton,25
LGT2,carton,10
LGT3-SDS2.5,carton,8
LGT4-SDS3,carton,6
LRU210Z,carton,25
LRU26Z,carton,25
LSSR2.56/Z,carton,25
LSSR410Z,carton,25
LSSU410,carton,1
LSSU410-2,carton,1
LSSUH310,carton,1
LTHJA26,carton,25
LTP4,carton,200
LU24,carton,100
LU26,carton,100
LUS24,carton,100
LUS26,carton,100
LUS28,carton,50
LUS28-2,carton,25
LUS410,carton,50
MGT,carton,12
MGU3.63,carton,1
MIT311.88-2,carton,25
MIT314-2,carton,25
MIT4.28/9.5,carton,25
MIU5.12/14,carton,25
MIU5.12/9,carton,25
MTS16,carton,100
SUL210,carton,25
SUL26,carton,25
SUR210,carton,25
SUR26,carton,25
TBE4,carton,50
TBE6,carton,50
TC24,carton,50
TC26,carton,25
THA29,carton,50
THA422,carton,25
THA422-2,carton,10
THA426,carton,15
THAC422,carton,25
THAC422-2,carton,10
TJC37,carton,50
TJC57,carton,30
VGT,carton,6
VGTR,carton,6
VPA2,carton,25
